{
  "DoubleArrays": [
    {
      "size": 0,
      "array": [
        0.20000000298023225,
        42.66657257080078,
        64.30201721191406,
        13.551169395446778,
        34.70786666870117,
        -58.35882568359375,
        -22.98272705078125,
        -25.921478271484376,
        -11.236785888671875
      ]
    },
    {
      "size": 0,
      "array": [
        0.20000000298023225,
        42.66657257080078,
        64.30201721191406,
        13.551169395446778,
        34.70786666870117,
        -58.35882568359375,
        -22.98272705078125,
        30.000001907348634,
        -12.393768310546875
      ]
    },
    {
      "size": 0,
      "array": [
        0.20000000298023225,
        42.66657257080078,
        64.30201721191406,
        13.551169395446778,
        34.70786666870117,
        -58.35882568359375,
        -22.98272705078125,
        -25.921478271484376,
        -11.236785888671875
      ]
    },
    {
      "size": 0,
      "array": [
        0.20000000298023225,
        42.66657257080078,
        64.30201721191406,
        13.551169395446778,
        34.70786666870117,
        -58.35882568359375,
        -22.98272705078125,
        30.000001907348634,
        -12.393768310546875
      ]
    }
  ]
}