{
  "DoubleArrays": [
    {
      "size": 0,
      "array": [
        0.20000000298023225,
        51.62306213378906,
        55.47142791748047,
        20.754131317138673,
        57.99542236328125,
        -58.292022705078128,
        -14.67510986328125,
        3.493555784225464,
        -24.49072265625
      ]
    },
    {
      "size": 0,
      "array": [
        0.20000000298023225,
        51.62306213378906,
        55.47142791748047,
        20.754135131835939,
        57.99542236328125,
        -58.292022705078128,
        -14.67510986328125,
        1.472933053970337,
        16.211889266967775
      ]
    },
    {
      "size": 0,
      "array": [
        0.20000000298023225,
        51.62306213378906,
        55.47142791748047,
        20.754131317138673,
        57.99542236328125,
        -58.292022705078128,
        -14.67510986328125,
        3.493555784225464,
        -24.49072265625
      ]
    },
    {
      "size": 0,
      "array": [
        0.20000000298023225,
        51.62306213378906,
        55.47142791748047,
        20.754135131835939,
        57.99542236328125,
        -58.292022705078128,
        -14.67510986328125,
        1.472933053970337,
        16.211889266967775
      ]
    }
  ]
}