{
  "DoubleArrays": [
    {
      "size": 0,
      "array": [
        0.30000001192092898,
        43.51178741455078,
        42.39741897583008,
        90.0,
        35.2598762512207,
        -46.386505126953128,
        -90.0,
        1.9178444147109986,
        -4.683929443359375
      ]
    },
    {
      "size": 0,
      "array": [
        0.30000001192092898,
        43.51178741455078,
        50.8957405090332,
        90.0,
        33.06051254272461,
        -59.58270263671875,
        -90.0,
        1.7339951992034913,
        15.236781120300293
      ]
    },
    {
      "size": 0,
      "array": [
        0.30000001192092898,
        43.51178741455078,
        42.39741897583008,
        90.0,
        35.2598762512207,
        -46.386505126953128,
        -90.0,
        1.9178444147109986,
        -4.683929443359375
      ]
    }
  ]
}