{
    "DoubleArrays": [
        {
            "size": 0,
            "array": [
                0.6000000238418579,
                53.0477294921875,
                59.63145065307617,
                18.554203033447267,
                49.53750991821289,
                -54.459747314453128,
                -20.207611083984376,
                -17.73388671875,
                27.520763397216798
            ]
        },
        {
            "size": 0,
            "array": [
                0.10000000149011612,
                42.71371841430664,
                63.841705322265628,
                15.297245025634766,
                49.573123931884769,
                -64.7193603515625,
                -16.968994140625,
                -18.402374267578126,
                -10.9515380859375
            ]
        },
        {
            "size": 0,
            "array": [
                0.6000000238418579,
                53.0477294921875,
                59.63145065307617,
                18.554203033447267,
                49.53750991821289,
                -54.459747314453128,
                -20.207611083984376,
                -17.73388671875,
                27.520763397216798
            ]
        },
        {
            "size": 0,
            "array": [
                0.10000000149011612,
                42.71371841430664,
                63.841705322265628,
                15.297245025634766,
                49.573123931884769,
                -64.7193603515625,
                -16.968994140625,
                -18.402374267578126,
                -10.9515380859375
            ]
        }
    ]
}