{
    "DoubleArrays": [
        {
            "size": 0,
            "array": [
                0.10000000149011612,
                -67.98284912109375,
                68.31724548339844,
                29.356279373168947,
                -61.10552978515625,
                -63.528076171875,
                -28.575714111328126,
                -0.183868408203125,
                -21.18768310546875
            ]
        }
    ]
}